{"new food factory": null, "freehold": null, "rent": [1.29622379796538, 103.779081700286], "sale": [1.37883560123647, 103.832034947535], "arab st": [1.30234867493137, 103.858116953196], "marine terr": [1.30440476785117, 103.915295374439], "shophse sales": null, "ground": [1.27992126239604, 103.854773147641], "ascent": [1.29076149216193, 103.784855036172], "genting lane": [1.32667629168403, 103.875892083801], "office": [1.35559721156453, 103.876907256099], "amk ave": [1.37731149652799, 103.860485872465], "whampoa": [1.32486749296569, 103.85720121091], "rare": [1.3137206738217, 103.855272733514], "wcega plaza": [1.3390511071187, 103.759038712584], "prime": [1.35716951746278, 103.893352088172], "cheap excellent": null, "cheap excellent frontage rare": null, "town": [1.32248867292702, 103.858223818585], "bt timah plaza": [1.33875930729064, 103.778600077834], "near plq shopping ctr": null, "plq shopping ctr": null, "dawson road 4": [1.29627483410181, 103.811206437575], "commercial": [1.27851054737099, 103.839325978184], "hdb apts": [1.45428714079221, 103.800262079753], "houses": [1.37712659839578, 103.997305403295], "max": [1.44025169079046, 103.724249204113], "ouses for sale": null, "caldecott hill": [1.33858896810043, 103.835706117542], "kat": [1.30721890328725, 103.907151915476], "pte apts": null, "pte apts for sale": null, "warehse": [1.27602608714878, 103.795333524241], "tg": [1.38793575704717, 103.830879058722], "restn": [1.30405335069647, 103.859429082158], "click": [1.3263580622144, 103.803290365022]}